item,itemLabel,lugarLabel,tipoLabel,areaLabel,url,coords
http://www.wikidata.org/entity/Q15898569,Parque Explora,Medellín,science museum,education,http://www.parqueexplora.org,Point(-75.574827777 6.244747222)
http://www.wikidata.org/entity/Q62395381,Vuela,Melipilla,project,community science,https://osf.io/fscn4/,Point(-71.216666666 -33.7)
http://www.wikidata.org/entity/Q62395408,Laboratorio de Fabricacion Digital UTN-FRM,Mendoza,university research group,academic research,http://frm.utn.edu.ar/labfd,Point(-68.833333333 -32.883333333)
http://www.wikidata.org/entity/Q62395429,La Jaquer Escool,Medellín,project,education,http://platohedro.org/la-jaquer-escool/,Point(-75.574827777 6.244747222)
http://www.wikidata.org/entity/Q62395430,Biomakers Lab,Lima,community,community science,https://biomakerslab.wixsite.com,Point(-77.033333333 -12.05)
http://www.wikidata.org/entity/Q62395431,Centro de Tecnologia Acadêmica,Porto Alegre,university research group,academic research,http://cta.if.ufrgs.br,Point(-51.23 -30.032777777)
http://www.wikidata.org/entity/Q62395432,EITCHA - Escola Itinerante de Tecnologia Cidadã Hacker,Porto Alegre,project,education,http://eitcha.org/,Point(-51.23 -30.032777777)
http://www.wikidata.org/entity/Q62395434,Fernan Federici research group,Santiago,university research group,academic research,https://federicilab.org/,Point(-70.666666666 -33.45)
http://www.wikidata.org/entity/Q62395435,Interspecifics,Mexico City,project,art,http://interspecifics.cc,Point(-99.145555555 19.419444444)
http://www.wikidata.org/entity/Q62395436,SensAR,Buenos Aires,project,academic research,http://www.sensar.com.ar/,Point(-58.381944444 -34.599722222)
http://www.wikidata.org/entity/Q62395437,OpenBio,Santiago,community,academic research,http://openbio.cl/,Point(-70.666666666 -33.45)
http://www.wikidata.org/entity/Q62395438,Rede InfoAmazonia,Amazonas,project,community science,https://publiclab.org/notes/vjpixel/07-31-2014/rede-infoamazonia,Point(-60.03 -3.16)
http://www.wikidata.org/entity/Q62395439,FluoPi,Santiago,project,academic research,https://osf.io/dy6p2/wiki/home/,Point(-70.666666666 -33.45)
http://www.wikidata.org/entity/Q62395440,Laboratorio de fisica interactiva,Mendoza,university research group,academic research,http://fcen.uncuyo.edu.ar/fisica-interactiva,Point(-68.833333333 -32.883333333)
http://www.wikidata.org/entity/Q62395443,Monitor Abierto de Calidad de Aire (MACA),Mendoza,project,community science,https://gitlab.com/nanocastro/Repo_maca,Point(-68.833333333 -32.883333333)
http://www.wikidata.org/entity/Q62395444,KOMBUCH.ar/nl.GENOMICS,Buenos Aires,project,art,https://laola2020.github.io/,Point(-58.381944444 -34.599722222)
